"area_code","area_type","area_name","year","period","indicator","quintile","measure","value","upper_confidence_interval","lower_confidence_interval","label_inequality","data_source"
"S08000016","Health board","NHS Borders",2014,"2014/15 financial year","Population prescribed drugs for anxiety/depression/psychosis","1 - most deprived","Percentage",22.3,23.4,21.4,"People","Public Health Scotland (Prescribing Information System)"
"S08000016","Health board","NHS Borders",2014,"2014/15 financial year","Population prescribed drugs for anxiety/depression/psychosis","2","Percentage",21.9,22.6,21.4,"People","Public Health Scotland (Prescribing Information System)"
"S08000016","Health board","NHS Borders",2014,"2014/15 financial year","Population prescribed drugs for anxiety/depression/psychosis","3","Percentage",18.1,18.5,17.7,"People","Public Health Scotland (Prescribing Information System)"
"S08000016","Health board","NHS Borders",2014,"2014/15 financial year","Population prescribed drugs for anxiety/depression/psychosis","4","Percentage",15.6,15.9,15.2,"People","Public Health Scotland (Prescribing Information System)"
"S08000016","Health board","NHS Borders",2014,"2014/15 financial year","Population prescribed drugs for anxiety/depression/psychosis","5 - least deprived","Percentage",13,13.6,12.4,"People","Public Health Scotland (Prescribing Information System)"
"S08000016","Health board","NHS Borders",2014,"2014/15 financial year","Population prescribed drugs for anxiety/depression/psychosis","Total","Percentage",17.6,17.8,17.4,"People","Public Health Scotland (Prescribing Information System)"
"S08000016","Health board","NHS Borders",2014,"2014/15 financial year","Population prescribed drugs for anxiety/depression/psychosis",NA,"Relative index of inequality (RII)",0.6,0.8,0.4,"People","Public Health Scotland (Prescribing Information System)"
"S08000016","Health board","NHS Borders",2014,"2014/15 financial year","Population prescribed drugs for anxiety/depression/psychosis",NA,"Slope index of inequality (SII)",10,13.3,6.8,"People","Public Health Scotland (Prescribing Information System)"
"S08000016","Health board","NHS Borders",2014,"2014/15 financial year","Population prescribed drugs for anxiety/depression/psychosis",NA,"Population attributable risk (PAR)",26.1,37.7,19.4,"People","Public Health Scotland (Prescribing Information System)"
"S08000016","Health board","NHS Borders",2015,"2015/16 financial year","Population prescribed drugs for anxiety/depression/psychosis","1 - most deprived","Percentage",25.1,26.2,24.1,"People","Public Health Scotland (Prescribing Information System)"
"S08000016","Health board","NHS Borders",2015,"2015/16 financial year","Population prescribed drugs for anxiety/depression/psychosis","2","Percentage",22.7,23.4,22.1,"People","Public Health Scotland (Prescribing Information System)"
"S08000016","Health board","NHS Borders",2015,"2015/16 financial year","Population prescribed drugs for anxiety/depression/psychosis","3","Percentage",18.9,19.3,18.5,"People","Public Health Scotland (Prescribing Information System)"
"S08000016","Health board","NHS Borders",2015,"2015/16 financial year","Population prescribed drugs for anxiety/depression/psychosis","4","Percentage",16.2,16.6,15.9,"People","Public Health Scotland (Prescribing Information System)"
"S08000016","Health board","NHS Borders",2015,"2015/16 financial year","Population prescribed drugs for anxiety/depression/psychosis","5 - least deprived","Percentage",13.4,14,12.8,"People","Public Health Scotland (Prescribing Information System)"
"S08000016","Health board","NHS Borders",2015,"2015/16 financial year","Population prescribed drugs for anxiety/depression/psychosis","Total","Percentage",18.4,18.6,18.2,"People","Public Health Scotland (Prescribing Information System)"
"S08000016","Health board","NHS Borders",2015,"2015/16 financial year","Population prescribed drugs for anxiety/depression/psychosis",NA,"Relative index of inequality (RII)",0.6,0.8,0.4,"People","Public Health Scotland (Prescribing Information System)"
"S08000016","Health board","NHS Borders",2015,"2015/16 financial year","Population prescribed drugs for anxiety/depression/psychosis",NA,"Slope index of inequality (SII)",11.1,15.3,6.9,"People","Public Health Scotland (Prescribing Information System)"
"S08000016","Health board","NHS Borders",2015,"2015/16 financial year","Population prescribed drugs for anxiety/depression/psychosis",NA,"Population attributable risk (PAR)",27.2,41.6,18.9,"People","Public Health Scotland (Prescribing Information System)"
"S08000016","Health board","NHS Borders",2016,"2016/17 financial year","Population prescribed drugs for anxiety/depression/psychosis","1 - most deprived","Percentage",25.5,26.5,24.4,"People","Public Health Scotland (Prescribing Information System)"
"S08000016","Health board","NHS Borders",2016,"2016/17 financial year","Population prescribed drugs for anxiety/depression/psychosis","2","Percentage",23.4,24,22.8,"People","Public Health Scotland (Prescribing Information System)"
"S08000016","Health board","NHS Borders",2016,"2016/17 financial year","Population prescribed drugs for anxiety/depression/psychosis","3","Percentage",19.5,19.9,19.1,"People","Public Health Scotland (Prescribing Information System)"
"S08000016","Health board","NHS Borders",2016,"2016/17 financial year","Population prescribed drugs for anxiety/depression/psychosis","4","Percentage",16.6,16.9,16.2,"People","Public Health Scotland (Prescribing Information System)"
"S08000016","Health board","NHS Borders",2016,"2016/17 financial year","Population prescribed drugs for anxiety/depression/psychosis","5 - least deprived","Percentage",14.1,14.7,13.4,"People","Public Health Scotland (Prescribing Information System)"
"S08000016","Health board","NHS Borders",2016,"2016/17 financial year","Population prescribed drugs for anxiety/depression/psychosis","Total","Percentage",18.9,19.1,18.7,"People","Public Health Scotland (Prescribing Information System)"
"S08000016","Health board","NHS Borders",2016,"2016/17 financial year","Population prescribed drugs for anxiety/depression/psychosis",NA,"Relative index of inequality (RII)",0.6,0.8,0.4,"People","Public Health Scotland (Prescribing Information System)"
"S08000016","Health board","NHS Borders",2016,"2016/17 financial year","Population prescribed drugs for anxiety/depression/psychosis",NA,"Slope index of inequality (SII)",11.3,15.1,7.4,"People","Public Health Scotland (Prescribing Information System)"
"S08000016","Health board","NHS Borders",2016,"2016/17 financial year","Population prescribed drugs for anxiety/depression/psychosis",NA,"Population attributable risk (PAR)",25.6,40,19.7,"People","Public Health Scotland (Prescribing Information System)"
"S08000016","Health board","NHS Borders",2017,"2017/18 financial year","Population prescribed drugs for anxiety/depression/psychosis","1 - most deprived","Percentage",26.7,27.7,25.7,"People","Public Health Scotland (Prescribing Information System)"
"S08000016","Health board","NHS Borders",2017,"2017/18 financial year","Population prescribed drugs for anxiety/depression/psychosis","2","Percentage",23.5,24.1,22.9,"People","Public Health Scotland (Prescribing Information System)"
"S08000016","Health board","NHS Borders",2017,"2017/18 financial year","Population prescribed drugs for anxiety/depression/psychosis","3","Percentage",19.3,19.7,18.9,"People","Public Health Scotland (Prescribing Information System)"
"S08000016","Health board","NHS Borders",2017,"2017/18 financial year","Population prescribed drugs for anxiety/depression/psychosis","4","Percentage",16.6,17,16.2,"People","Public Health Scotland (Prescribing Information System)"
"S08000016","Health board","NHS Borders",2017,"2017/18 financial year","Population prescribed drugs for anxiety/depression/psychosis","5 - least deprived","Percentage",14.5,15.2,13.9,"People","Public Health Scotland (Prescribing Information System)"
"S08000016","Health board","NHS Borders",2017,"2017/18 financial year","Population prescribed drugs for anxiety/depression/psychosis","Total","Percentage",19.3,19.5,19.1,"People","Public Health Scotland (Prescribing Information System)"
"S08000016","Health board","NHS Borders",2017,"2017/18 financial year","Population prescribed drugs for anxiety/depression/psychosis",NA,"Relative index of inequality (RII)",0.6,0.9,0.3,"People","Public Health Scotland (Prescribing Information System)"
"S08000016","Health board","NHS Borders",2017,"2017/18 financial year","Population prescribed drugs for anxiety/depression/psychosis",NA,"Slope index of inequality (SII)",11.4,16.5,6.4,"People","Public Health Scotland (Prescribing Information System)"
"S08000016","Health board","NHS Borders",2017,"2017/18 financial year","Population prescribed drugs for anxiety/depression/psychosis",NA,"Population attributable risk (PAR)",24.8,42.6,16.5,"People","Public Health Scotland (Prescribing Information System)"
"S08000016","Health board","NHS Borders",2018,"2018/19 financial year","Population prescribed drugs for anxiety/depression/psychosis","1 - most deprived","Percentage",26.8,27.8,25.8,"People","Public Health Scotland (Prescribing Information System)"
"S08000016","Health board","NHS Borders",2018,"2018/19 financial year","Population prescribed drugs for anxiety/depression/psychosis","2","Percentage",24,24.6,23.4,"People","Public Health Scotland (Prescribing Information System)"
"S08000016","Health board","NHS Borders",2018,"2018/19 financial year","Population prescribed drugs for anxiety/depression/psychosis","3","Percentage",19.8,20.2,19.4,"People","Public Health Scotland (Prescribing Information System)"
"S08000016","Health board","NHS Borders",2018,"2018/19 financial year","Population prescribed drugs for anxiety/depression/psychosis","4","Percentage",17.2,17.7,16.8,"People","Public Health Scotland (Prescribing Information System)"
"S08000016","Health board","NHS Borders",2018,"2018/19 financial year","Population prescribed drugs for anxiety/depression/psychosis","5 - least deprived","Percentage",15,15.7,14.3,"People","Public Health Scotland (Prescribing Information System)"
"S08000016","Health board","NHS Borders",2018,"2018/19 financial year","Population prescribed drugs for anxiety/depression/psychosis","Total","Percentage",19.8,20,19.6,"People","Public Health Scotland (Prescribing Information System)"
"S08000016","Health board","NHS Borders",2018,"2018/19 financial year","Population prescribed drugs for anxiety/depression/psychosis",NA,"Relative index of inequality (RII)",0.6,0.8,0.3,"People","Public Health Scotland (Prescribing Information System)"
"S08000016","Health board","NHS Borders",2018,"2018/19 financial year","Population prescribed drugs for anxiety/depression/psychosis",NA,"Slope index of inequality (SII)",11.2,15.9,6.4,"People","Public Health Scotland (Prescribing Information System)"
"S08000016","Health board","NHS Borders",2018,"2018/19 financial year","Population prescribed drugs for anxiety/depression/psychosis",NA,"Population attributable risk (PAR)",24.3,40.2,16.2,"People","Public Health Scotland (Prescribing Information System)"
"S08000016","Health board","NHS Borders",2019,"2019/20 financial year","Population prescribed drugs for anxiety/depression/psychosis","1 - most deprived","Percentage",27.3,28.3,26.3,"People","Public Health Scotland (Prescribing Information System)"
"S08000016","Health board","NHS Borders",2019,"2019/20 financial year","Population prescribed drugs for anxiety/depression/psychosis","2","Percentage",24.3,24.9,23.7,"People","Public Health Scotland (Prescribing Information System)"
"S08000016","Health board","NHS Borders",2019,"2019/20 financial year","Population prescribed drugs for anxiety/depression/psychosis","3","Percentage",20.2,20.5,19.8,"People","Public Health Scotland (Prescribing Information System)"
"S08000016","Health board","NHS Borders",2019,"2019/20 financial year","Population prescribed drugs for anxiety/depression/psychosis","4","Percentage",17.5,17.9,17.1,"People","Public Health Scotland (Prescribing Information System)"
"S08000016","Health board","NHS Borders",2019,"2019/20 financial year","Population prescribed drugs for anxiety/depression/psychosis","5 - least deprived","Percentage",14.8,15.5,14.1,"People","Public Health Scotland (Prescribing Information System)"
"S08000016","Health board","NHS Borders",2019,"2019/20 financial year","Population prescribed drugs for anxiety/depression/psychosis","Total","Percentage",20.1,20.3,19.9,"People","Public Health Scotland (Prescribing Information System)"
"S08000016","Health board","NHS Borders",2019,"2019/20 financial year","Population prescribed drugs for anxiety/depression/psychosis",NA,"Relative index of inequality (RII)",0.6,0.8,0.3,"People","Public Health Scotland (Prescribing Information System)"
"S08000016","Health board","NHS Borders",2019,"2019/20 financial year","Population prescribed drugs for anxiety/depression/psychosis",NA,"Slope index of inequality (SII)",11.6,16.3,6.9,"People","Public Health Scotland (Prescribing Information System)"
"S08000016","Health board","NHS Borders",2019,"2019/20 financial year","Population prescribed drugs for anxiety/depression/psychosis",NA,"Population attributable risk (PAR)",26.5,40.5,17.1,"People","Public Health Scotland (Prescribing Information System)"
"S08000016","Health board","NHS Borders",2020,"2020/21 financial year","Population prescribed drugs for anxiety/depression/psychosis","1 - most deprived","Percentage",26.4,27.4,25.4,"People","Public Health Scotland (Prescribing Information System)"
"S08000016","Health board","NHS Borders",2020,"2020/21 financial year","Population prescribed drugs for anxiety/depression/psychosis","2","Percentage",23.7,24.3,23.1,"People","Public Health Scotland (Prescribing Information System)"
"S08000016","Health board","NHS Borders",2020,"2020/21 financial year","Population prescribed drugs for anxiety/depression/psychosis","3","Percentage",19.8,20.2,19.5,"People","Public Health Scotland (Prescribing Information System)"
"S08000016","Health board","NHS Borders",2020,"2020/21 financial year","Population prescribed drugs for anxiety/depression/psychosis","4","Percentage",17.1,17.5,16.7,"People","Public Health Scotland (Prescribing Information System)"
"S08000016","Health board","NHS Borders",2020,"2020/21 financial year","Population prescribed drugs for anxiety/depression/psychosis","5 - least deprived","Percentage",14.9,15.6,14.2,"People","Public Health Scotland (Prescribing Information System)"
"S08000016","Health board","NHS Borders",2020,"2020/21 financial year","Population prescribed drugs for anxiety/depression/psychosis","Total","Percentage",19.7,19.9,19.5,"People","Public Health Scotland (Prescribing Information System)"
"S08000016","Health board","NHS Borders",2020,"2020/21 financial year","Population prescribed drugs for anxiety/depression/psychosis",NA,"Relative index of inequality (RII)",0.6,0.8,0.4,"People","Public Health Scotland (Prescribing Information System)"
"S08000016","Health board","NHS Borders",2020,"2020/21 financial year","Population prescribed drugs for anxiety/depression/psychosis",NA,"Slope index of inequality (SII)",11,14.9,7,"People","Public Health Scotland (Prescribing Information System)"
"S08000016","Health board","NHS Borders",2020,"2020/21 financial year","Population prescribed drugs for anxiety/depression/psychosis",NA,"Population attributable risk (PAR)",24.6,37.9,17.7,"People","Public Health Scotland (Prescribing Information System)"
"S08000016","Health board","NHS Borders",2021,"2021/22 financial year","Population prescribed drugs for anxiety/depression/psychosis","1 - most deprived","Percentage",27.9,29,26.9,"People","Public Health Scotland (Prescribing Information System)"
"S08000016","Health board","NHS Borders",2021,"2021/22 financial year","Population prescribed drugs for anxiety/depression/psychosis","2","Percentage",24.7,25.4,24.1,"People","Public Health Scotland (Prescribing Information System)"
"S08000016","Health board","NHS Borders",2021,"2021/22 financial year","Population prescribed drugs for anxiety/depression/psychosis","3","Percentage",20.6,21,20.3,"People","Public Health Scotland (Prescribing Information System)"
"S08000016","Health board","NHS Borders",2021,"2021/22 financial year","Population prescribed drugs for anxiety/depression/psychosis","4","Percentage",18,18.4,17.5,"People","Public Health Scotland (Prescribing Information System)"
"S08000016","Health board","NHS Borders",2021,"2021/22 financial year","Population prescribed drugs for anxiety/depression/psychosis","5 - least deprived","Percentage",15.9,16.6,15.2,"People","Public Health Scotland (Prescribing Information System)"
"S08000016","Health board","NHS Borders",2021,"2021/22 financial year","Population prescribed drugs for anxiety/depression/psychosis","Total","Percentage",20.6,20.8,20.4,"People","Public Health Scotland (Prescribing Information System)"
"S08000016","Health board","NHS Borders",2021,"2021/22 financial year","Population prescribed drugs for anxiety/depression/psychosis",NA,"Relative index of inequality (RII)",0.5,0.8,0.3,"People","Public Health Scotland (Prescribing Information System)"
"S08000016","Health board","NHS Borders",2021,"2021/22 financial year","Population prescribed drugs for anxiety/depression/psychosis",NA,"Slope index of inequality (SII)",11.2,16.2,6.3,"People","Public Health Scotland (Prescribing Information System)"
"S08000016","Health board","NHS Borders",2021,"2021/22 financial year","Population prescribed drugs for anxiety/depression/psychosis",NA,"Population attributable risk (PAR)",22.8,39.4,15.2,"People","Public Health Scotland (Prescribing Information System)"
"S08000016","Health board","NHS Borders",2022,"2022/23 financial year","Population prescribed drugs for anxiety/depression/psychosis","1 - most deprived","Percentage",28.9,30,27.9,"People","Public Health Scotland (Prescribing Information System)"
"S08000016","Health board","NHS Borders",2022,"2022/23 financial year","Population prescribed drugs for anxiety/depression/psychosis","2","Percentage",25.1,25.7,24.5,"People","Public Health Scotland (Prescribing Information System)"
"S08000016","Health board","NHS Borders",2022,"2022/23 financial year","Population prescribed drugs for anxiety/depression/psychosis","3","Percentage",20.8,21.2,20.4,"People","Public Health Scotland (Prescribing Information System)"
"S08000016","Health board","NHS Borders",2022,"2022/23 financial year","Population prescribed drugs for anxiety/depression/psychosis","4","Percentage",18.7,19.2,18.3,"People","Public Health Scotland (Prescribing Information System)"
"S08000016","Health board","NHS Borders",2022,"2022/23 financial year","Population prescribed drugs for anxiety/depression/psychosis","5 - least deprived","Percentage",17.4,18.2,16.7,"People","Public Health Scotland (Prescribing Information System)"
"S08000016","Health board","NHS Borders",2022,"2022/23 financial year","Population prescribed drugs for anxiety/depression/psychosis","Total","Percentage",21.1,21.4,20.9,"People","Public Health Scotland (Prescribing Information System)"
"S08000016","Health board","NHS Borders",2022,"2022/23 financial year","Population prescribed drugs for anxiety/depression/psychosis",NA,"Relative index of inequality (RII)",0.5,0.8,0.2,"People","Public Health Scotland (Prescribing Information System)"
"S08000016","Health board","NHS Borders",2022,"2022/23 financial year","Population prescribed drugs for anxiety/depression/psychosis",NA,"Slope index of inequality (SII)",10.3,17.3,3.3,"People","Public Health Scotland (Prescribing Information System)"
"S08000016","Health board","NHS Borders",2022,"2022/23 financial year","Population prescribed drugs for anxiety/depression/psychosis",NA,"Population attributable risk (PAR)",17.7,40.9,7.7,"People","Public Health Scotland (Prescribing Information System)"
"S08000016","Health board","NHS Borders",2023,"2023/24 financial year","Population prescribed drugs for anxiety/depression/psychosis","1 - most deprived","Percentage",29.1,30.2,28.1,"People","Public Health Scotland (Prescribing Information System)"
"S08000016","Health board","NHS Borders",2023,"2023/24 financial year","Population prescribed drugs for anxiety/depression/psychosis","2","Percentage",25.4,26,24.8,"People","Public Health Scotland (Prescribing Information System)"
"S08000016","Health board","NHS Borders",2023,"2023/24 financial year","Population prescribed drugs for anxiety/depression/psychosis","3","Percentage",21,21.4,20.6,"People","Public Health Scotland (Prescribing Information System)"
"S08000016","Health board","NHS Borders",2023,"2023/24 financial year","Population prescribed drugs for anxiety/depression/psychosis","4","Percentage",19.1,19.6,18.7,"People","Public Health Scotland (Prescribing Information System)"
"S08000016","Health board","NHS Borders",2023,"2023/24 financial year","Population prescribed drugs for anxiety/depression/psychosis","5 - least deprived","Percentage",17.8,18.5,17,"People","Public Health Scotland (Prescribing Information System)"
"S08000016","Health board","NHS Borders",2023,"2023/24 financial year","Population prescribed drugs for anxiety/depression/psychosis","Total","Percentage",21.4,21.7,21.2,"People","Public Health Scotland (Prescribing Information System)"
"S08000016","Health board","NHS Borders",2023,"2023/24 financial year","Population prescribed drugs for anxiety/depression/psychosis",NA,"Relative index of inequality (RII)",0.5,0.8,0.1,"People","Public Health Scotland (Prescribing Information System)"
"S08000016","Health board","NHS Borders",2023,"2023/24 financial year","Population prescribed drugs for anxiety/depression/psychosis",NA,"Slope index of inequality (SII)",10.1,17.3,2.8,"People","Public Health Scotland (Prescribing Information System)"
"S08000016","Health board","NHS Borders",2023,"2023/24 financial year","Population prescribed drugs for anxiety/depression/psychosis",NA,"Population attributable risk (PAR)",17.1,40.4,6.5,"People","Public Health Scotland (Prescribing Information System)"
"S08000017","Health board","NHS Dumfries & Galloway",2014,"2014/15 financial year","Population prescribed drugs for anxiety/depression/psychosis","1 - most deprived","Percentage",22.8,23.6,22.1,"People","Public Health Scotland (Prescribing Information System)"
"S08000017","Health board","NHS Dumfries & Galloway",2014,"2014/15 financial year","Population prescribed drugs for anxiety/depression/psychosis","2","Percentage",19.5,19.9,19.2,"People","Public Health Scotland (Prescribing Information System)"
"S08000017","Health board","NHS Dumfries & Galloway",2014,"2014/15 financial year","Population prescribed drugs for anxiety/depression/psychosis","3","Percentage",16.3,16.7,16,"People","Public Health Scotland (Prescribing Information System)"
"S08000017","Health board","NHS Dumfries & Galloway",2014,"2014/15 financial year","Population prescribed drugs for anxiety/depression/psychosis","4","Percentage",14.7,15.2,14.3,"People","Public Health Scotland (Prescribing Information System)"
"S08000017","Health board","NHS Dumfries & Galloway",2014,"2014/15 financial year","Population prescribed drugs for anxiety/depression/psychosis","5 - least deprived","Percentage",15.1,15.7,14.5,"People","Public Health Scotland (Prescribing Information System)"
"S08000017","Health board","NHS Dumfries & Galloway",2014,"2014/15 financial year","Population prescribed drugs for anxiety/depression/psychosis","Total","Percentage",17.4,17.6,17.2,"People","Public Health Scotland (Prescribing Information System)"
"S08000017","Health board","NHS Dumfries & Galloway",2014,"2014/15 financial year","Population prescribed drugs for anxiety/depression/psychosis",NA,"Relative index of inequality (RII)",0.5,0.8,0.2,"People","Public Health Scotland (Prescribing Information System)"
"S08000017","Health board","NHS Dumfries & Galloway",2014,"2014/15 financial year","Population prescribed drugs for anxiety/depression/psychosis",NA,"Slope index of inequality (SII)",8.3,13.3,3.4,"People","Public Health Scotland (Prescribing Information System)"
"S08000017","Health board","NHS Dumfries & Galloway",2014,"2014/15 financial year","Population prescribed drugs for anxiety/depression/psychosis",NA,"Population attributable risk (PAR)",13.4,38.3,9.7,"People","Public Health Scotland (Prescribing Information System)"
"S08000017","Health board","NHS Dumfries & Galloway",2015,"2015/16 financial year","Population prescribed drugs for anxiety/depression/psychosis","1 - most deprived","Percentage",24,24.8,23.3,"People","Public Health Scotland (Prescribing Information System)"
"S08000017","Health board","NHS Dumfries & Galloway",2015,"2015/16 financial year","Population prescribed drugs for anxiety/depression/psychosis","2","Percentage",20,20.4,19.6,"People","Public Health Scotland (Prescribing Information System)"
"S08000017","Health board","NHS Dumfries & Galloway",2015,"2015/16 financial year","Population prescribed drugs for anxiety/depression/psychosis","3","Percentage",17.4,17.7,17.1,"People","Public Health Scotland (Prescribing Information System)"
"S08000017","Health board","NHS Dumfries & Galloway",2015,"2015/16 financial year","Population prescribed drugs for anxiety/depression/psychosis","4","Percentage",15.6,16,15.1,"People","Public Health Scotland (Prescribing Information System)"
"S08000017","Health board","NHS Dumfries & Galloway",2015,"2015/16 financial year","Population prescribed drugs for anxiety/depression/psychosis","5 - least deprived","Percentage",15.3,16,14.7,"People","Public Health Scotland (Prescribing Information System)"
"S08000017","Health board","NHS Dumfries & Galloway",2015,"2015/16 financial year","Population prescribed drugs for anxiety/depression/psychosis","Total","Percentage",18.2,18.4,18,"People","Public Health Scotland (Prescribing Information System)"
"S08000017","Health board","NHS Dumfries & Galloway",2015,"2015/16 financial year","Population prescribed drugs for anxiety/depression/psychosis",NA,"Relative index of inequality (RII)",0.5,0.7,0.2,"People","Public Health Scotland (Prescribing Information System)"
"S08000017","Health board","NHS Dumfries & Galloway",2015,"2015/16 financial year","Population prescribed drugs for anxiety/depression/psychosis",NA,"Slope index of inequality (SII)",8.3,13.3,3.4,"People","Public Health Scotland (Prescribing Information System)"
"S08000017","Health board","NHS Dumfries & Galloway",2015,"2015/16 financial year","Population prescribed drugs for anxiety/depression/psychosis",NA,"Population attributable risk (PAR)",15.6,36.6,9.4,"People","Public Health Scotland (Prescribing Information System)"
"S08000017","Health board","NHS Dumfries & Galloway",2016,"2016/17 financial year","Population prescribed drugs for anxiety/depression/psychosis","1 - most deprived","Percentage",25,25.8,24.3,"People","Public Health Scotland (Prescribing Information System)"
"S08000017","Health board","NHS Dumfries & Galloway",2016,"2016/17 financial year","Population prescribed drugs for anxiety/depression/psychosis","2","Percentage",20.9,21.2,20.5,"People","Public Health Scotland (Prescribing Information System)"
"S08000017","Health board","NHS Dumfries & Galloway",2016,"2016/17 financial year","Population prescribed drugs for anxiety/depression/psychosis","3","Percentage",17.8,18.1,17.4,"People","Public Health Scotland (Prescribing Information System)"
"S08000017","Health board","NHS Dumfries & Galloway",2016,"2016/17 financial year","Population prescribed drugs for anxiety/depression/psychosis","4","Percentage",16,16.5,15.6,"People","Public Health Scotland (Prescribing Information System)"
"S08000017","Health board","NHS Dumfries & Galloway",2016,"2016/17 financial year","Population prescribed drugs for anxiety/depression/psychosis","5 - least deprived","Percentage",15.7,16.4,15.1,"People","Public Health Scotland (Prescribing Information System)"
"S08000017","Health board","NHS Dumfries & Galloway",2016,"2016/17 financial year","Population prescribed drugs for anxiety/depression/psychosis","Total","Percentage",18.7,18.9,18.5,"People","Public Health Scotland (Prescribing Information System)"
"S08000017","Health board","NHS Dumfries & Galloway",2016,"2016/17 financial year","Population prescribed drugs for anxiety/depression/psychosis",NA,"Relative index of inequality (RII)",0.5,0.8,0.2,"People","Public Health Scotland (Prescribing Information System)"
"S08000017","Health board","NHS Dumfries & Galloway",2016,"2016/17 financial year","Population prescribed drugs for anxiety/depression/psychosis",NA,"Slope index of inequality (SII)",9.1,14.5,3.7,"People","Public Health Scotland (Prescribing Information System)"
"S08000017","Health board","NHS Dumfries & Galloway",2016,"2016/17 financial year","Population prescribed drugs for anxiety/depression/psychosis",NA,"Population attributable risk (PAR)",16,38.7,9.9,"People","Public Health Scotland (Prescribing Information System)"
"S08000017","Health board","NHS Dumfries & Galloway",2017,"2017/18 financial year","Population prescribed drugs for anxiety/depression/psychosis","1 - most deprived","Percentage",25.6,26.3,24.8,"People","Public Health Scotland (Prescribing Information System)"
"S08000017","Health board","NHS Dumfries & Galloway",2017,"2017/18 financial year","Population prescribed drugs for anxiety/depression/psychosis","2","Percentage",21.3,21.7,20.9,"People","Public Health Scotland (Prescribing Information System)"
"S08000017","Health board","NHS Dumfries & Galloway",2017,"2017/18 financial year","Population prescribed drugs for anxiety/depression/psychosis","3","Percentage",17.9,18.3,17.6,"People","Public Health Scotland (Prescribing Information System)"
"S08000017","Health board","NHS Dumfries & Galloway",2017,"2017/18 financial year","Population prescribed drugs for anxiety/depression/psychosis","4","Percentage",16.1,16.6,15.7,"People","Public Health Scotland (Prescribing Information System)"
"S08000017","Health board","NHS Dumfries & Galloway",2017,"2017/18 financial year","Population prescribed drugs for anxiety/depression/psychosis","5 - least deprived","Percentage",15.5,16.1,14.8,"People","Public Health Scotland (Prescribing Information System)"
"S08000017","Health board","NHS Dumfries & Galloway",2017,"2017/18 financial year","Population prescribed drugs for anxiety/depression/psychosis","Total","Percentage",19,19.2,18.8,"People","Public Health Scotland (Prescribing Information System)"
"S08000017","Health board","NHS Dumfries & Galloway",2017,"2017/18 financial year","Population prescribed drugs for anxiety/depression/psychosis",NA,"Relative index of inequality (RII)",0.5,0.8,0.2,"People","Public Health Scotland (Prescribing Information System)"
"S08000017","Health board","NHS Dumfries & Galloway",2017,"2017/18 financial year","Population prescribed drugs for anxiety/depression/psychosis",NA,"Slope index of inequality (SII)",9.9,15.3,4.5,"People","Public Health Scotland (Prescribing Information System)"
"S08000017","Health board","NHS Dumfries & Galloway",2017,"2017/18 financial year","Population prescribed drugs for anxiety/depression/psychosis",NA,"Population attributable risk (PAR)",18.6,40.2,11.9,"People","Public Health Scotland (Prescribing Information System)"
"S08000017","Health board","NHS Dumfries & Galloway",2018,"2018/19 financial year","Population prescribed drugs for anxiety/depression/psychosis","1 - most deprived","Percentage",26.3,27.1,25.6,"People","Public Health Scotland (Prescribing Information System)"
"S08000017","Health board","NHS Dumfries & Galloway",2018,"2018/19 financial year","Population prescribed drugs for anxiety/depression/psychosis","2","Percentage",22.2,22.6,21.8,"People","Public Health Scotland (Prescribing Information System)"
"S08000017","Health board","NHS Dumfries & Galloway",2018,"2018/19 financial year","Population prescribed drugs for anxiety/depression/psychosis","3","Percentage",18.3,18.7,18,"People","Public Health Scotland (Prescribing Information System)"
"S08000017","Health board","NHS Dumfries & Galloway",2018,"2018/19 financial year","Population prescribed drugs for anxiety/depression/psychosis","4","Percentage",16.5,17,16.1,"People","Public Health Scotland (Prescribing Information System)"
"S08000017","Health board","NHS Dumfries & Galloway",2018,"2018/19 financial year","Population prescribed drugs for anxiety/depression/psychosis","5 - least deprived","Percentage",16.3,16.9,15.6,"People","Public Health Scotland (Prescribing Information System)"
"S08000017","Health board","NHS Dumfries & Galloway",2018,"2018/19 financial year","Population prescribed drugs for anxiety/depression/psychosis","Total","Percentage",19.6,19.8,19.4,"People","Public Health Scotland (Prescribing Information System)"
"S08000017","Health board","NHS Dumfries & Galloway",2018,"2018/19 financial year","Population prescribed drugs for anxiety/depression/psychosis",NA,"Relative index of inequality (RII)",0.5,0.8,0.2,"People","Public Health Scotland (Prescribing Information System)"
"S08000017","Health board","NHS Dumfries & Galloway",2018,"2018/19 financial year","Population prescribed drugs for anxiety/depression/psychosis",NA,"Slope index of inequality (SII)",10.4,16.3,4.5,"People","Public Health Scotland (Prescribing Information System)"
"S08000017","Health board","NHS Dumfries & Galloway",2018,"2018/19 financial year","Population prescribed drugs for anxiety/depression/psychosis",NA,"Population attributable risk (PAR)",17,41.5,11.6,"People","Public Health Scotland (Prescribing Information System)"
"S08000017","Health board","NHS Dumfries & Galloway",2019,"2019/20 financial year","Population prescribed drugs for anxiety/depression/psychosis","1 - most deprived","Percentage",27.5,28.3,26.8,"People","Public Health Scotland (Prescribing Information System)"
"S08000017","Health board","NHS Dumfries & Galloway",2019,"2019/20 financial year","Population prescribed drugs for anxiety/depression/psychosis","2","Percentage",23.1,23.5,22.7,"People","Public Health Scotland (Prescribing Information System)"
"S08000017","Health board","NHS Dumfries & Galloway",2019,"2019/20 financial year","Population prescribed drugs for anxiety/depression/psychosis","3","Percentage",18.9,19.2,18.6,"People","Public Health Scotland (Prescribing Information System)"
"S08000017","Health board","NHS Dumfries & Galloway",2019,"2019/20 financial year","Population prescribed drugs for anxiety/depression/psychosis","4","Percentage",17.5,17.9,17,"People","Public Health Scotland (Prescribing Information System)"
"S08000017","Health board","NHS Dumfries & Galloway",2019,"2019/20 financial year","Population prescribed drugs for anxiety/depression/psychosis","5 - least deprived","Percentage",16.4,17,15.7,"People","Public Health Scotland (Prescribing Information System)"
"S08000017","Health board","NHS Dumfries & Galloway",2019,"2019/20 financial year","Population prescribed drugs for anxiety/depression/psychosis","Total","Percentage",20.3,20.5,20.1,"People","Public Health Scotland (Prescribing Information System)"
"S08000017","Health board","NHS Dumfries & Galloway",2019,"2019/20 financial year","Population prescribed drugs for anxiety/depression/psychosis",NA,"Relative index of inequality (RII)",0.5,0.9,0.2,"People","Public Health Scotland (Prescribing Information System)"
"S08000017","Health board","NHS Dumfries & Galloway",2019,"2019/20 financial year","Population prescribed drugs for anxiety/depression/psychosis",NA,"Slope index of inequality (SII)",11,17.5,4.5,"People","Public Health Scotland (Prescribing Information System)"
"S08000017","Health board","NHS Dumfries & Galloway",2019,"2019/20 financial year","Population prescribed drugs for anxiety/depression/psychosis",NA,"Population attributable risk (PAR)",19.4,43.1,11.1,"People","Public Health Scotland (Prescribing Information System)"
"S08000017","Health board","NHS Dumfries & Galloway",2020,"2020/21 financial year","Population prescribed drugs for anxiety/depression/psychosis","1 - most deprived","Percentage",27.3,28.1,26.5,"People","Public Health Scotland (Prescribing Information System)"
"S08000017","Health board","NHS Dumfries & Galloway",2020,"2020/21 financial year","Population prescribed drugs for anxiety/depression/psychosis","2","Percentage",22.9,23.3,22.4,"People","Public Health Scotland (Prescribing Information System)"
"S08000017","Health board","NHS Dumfries & Galloway",2020,"2020/21 financial year","Population prescribed drugs for anxiety/depression/psychosis","3","Percentage",18.9,19.2,18.6,"People","Public Health Scotland (Prescribing Information System)"
"S08000017","Health board","NHS Dumfries & Galloway",2020,"2020/21 financial year","Population prescribed drugs for anxiety/depression/psychosis","4","Percentage",17.2,17.6,16.7,"People","Public Health Scotland (Prescribing Information System)"
"S08000017","Health board","NHS Dumfries & Galloway",2020,"2020/21 financial year","Population prescribed drugs for anxiety/depression/psychosis","5 - least deprived","Percentage",16.5,17.1,15.8,"People","Public Health Scotland (Prescribing Information System)"
"S08000017","Health board","NHS Dumfries & Galloway",2020,"2020/21 financial year","Population prescribed drugs for anxiety/depression/psychosis","Total","Percentage",20.2,20.4,20,"People","Public Health Scotland (Prescribing Information System)"
"S08000017","Health board","NHS Dumfries & Galloway",2020,"2020/21 financial year","Population prescribed drugs for anxiety/depression/psychosis",NA,"Relative index of inequality (RII)",0.5,0.8,0.2,"People","Public Health Scotland (Prescribing Information System)"
"S08000017","Health board","NHS Dumfries & Galloway",2020,"2020/21 financial year","Population prescribed drugs for anxiety/depression/psychosis",NA,"Slope index of inequality (SII)",10.8,17,4.6,"People","Public Health Scotland (Prescribing Information System)"
"S08000017","Health board","NHS Dumfries & Galloway",2020,"2020/21 financial year","Population prescribed drugs for anxiety/depression/psychosis",NA,"Population attributable risk (PAR)",18.4,42.1,11.5,"People","Public Health Scotland (Prescribing Information System)"
"S08000017","Health board","NHS Dumfries & Galloway",2021,"2021/22 financial year","Population prescribed drugs for anxiety/depression/psychosis","1 - most deprived","Percentage",28.1,28.8,27.3,"People","Public Health Scotland (Prescribing Information System)"
"S08000017","Health board","NHS Dumfries & Galloway",2021,"2021/22 financial year","Population prescribed drugs for anxiety/depression/psychosis","2","Percentage",23.7,24.1,23.3,"People","Public Health Scotland (Prescribing Information System)"
"S08000017","Health board","NHS Dumfries & Galloway",2021,"2021/22 financial year","Population prescribed drugs for anxiety/depression/psychosis","3","Percentage",19.9,20.2,19.6,"People","Public Health Scotland (Prescribing Information System)"
"S08000017","Health board","NHS Dumfries & Galloway",2021,"2021/22 financial year","Population prescribed drugs for anxiety/depression/psychosis","4","Percentage",18.2,18.7,17.7,"People","Public Health Scotland (Prescribing Information System)"
"S08000017","Health board","NHS Dumfries & Galloway",2021,"2021/22 financial year","Population prescribed drugs for anxiety/depression/psychosis","5 - least deprived","Percentage",17.3,18,16.7,"People","Public Health Scotland (Prescribing Information System)"
"S08000017","Health board","NHS Dumfries & Galloway",2021,"2021/22 financial year","Population prescribed drugs for anxiety/depression/psychosis","Total","Percentage",21.1,21.3,20.9,"People","Public Health Scotland (Prescribing Information System)"
"S08000017","Health board","NHS Dumfries & Galloway",2021,"2021/22 financial year","Population prescribed drugs for anxiety/depression/psychosis",NA,"Relative index of inequality (RII)",0.5,0.8,0.2,"People","Public Health Scotland (Prescribing Information System)"
"S08000017","Health board","NHS Dumfries & Galloway",2021,"2021/22 financial year","Population prescribed drugs for anxiety/depression/psychosis",NA,"Slope index of inequality (SII)",10.5,16.3,4.8,"People","Public Health Scotland (Prescribing Information System)"
"S08000017","Health board","NHS Dumfries & Galloway",2021,"2021/22 financial year","Population prescribed drugs for anxiety/depression/psychosis",NA,"Population attributable risk (PAR)",17.9,38.7,11.3,"People","Public Health Scotland (Prescribing Information System)"
"S08000017","Health board","NHS Dumfries & Galloway",2022,"2022/23 financial year","Population prescribed drugs for anxiety/depression/psychosis","1 - most deprived","Percentage",28.2,29,27.5,"People","Public Health Scotland (Prescribing Information System)"
"S08000017","Health board","NHS Dumfries & Galloway",2022,"2022/23 financial year","Population prescribed drugs for anxiety/depression/psychosis","2","Percentage",24.8,25.2,24.4,"People","Public Health Scotland (Prescribing Information System)"
"S08000017","Health board","NHS Dumfries & Galloway",2022,"2022/23 financial year","Population prescribed drugs for anxiety/depression/psychosis","3","Percentage",20.9,21.2,20.5,"People","Public Health Scotland (Prescribing Information System)"
"S08000017","Health board","NHS Dumfries & Galloway",2022,"2022/23 financial year","Population prescribed drugs for anxiety/depression/psychosis","4","Percentage",19.2,19.6,18.7,"People","Public Health Scotland (Prescribing Information System)"
"S08000017","Health board","NHS Dumfries & Galloway",2022,"2022/23 financial year","Population prescribed drugs for anxiety/depression/psychosis","5 - least deprived","Percentage",18.6,19.3,18,"People","Public Health Scotland (Prescribing Information System)"
"S08000017","Health board","NHS Dumfries & Galloway",2022,"2022/23 financial year","Population prescribed drugs for anxiety/depression/psychosis","Total","Percentage",22.1,22.3,21.9,"People","Public Health Scotland (Prescribing Information System)"
"S08000017","Health board","NHS Dumfries & Galloway",2022,"2022/23 financial year","Population prescribed drugs for anxiety/depression/psychosis",NA,"Relative index of inequality (RII)",0.5,0.7,0.2,"People","Public Health Scotland (Prescribing Information System)"
"S08000017","Health board","NHS Dumfries & Galloway",2022,"2022/23 financial year","Population prescribed drugs for anxiety/depression/psychosis",NA,"Slope index of inequality (SII)",10.1,15.1,5.1,"People","Public Health Scotland (Prescribing Information System)"
"S08000017","Health board","NHS Dumfries & Galloway",2022,"2022/23 financial year","Population prescribed drugs for anxiety/depression/psychosis",NA,"Population attributable risk (PAR)",15.5,34.2,11.6,"People","Public Health Scotland (Prescribing Information System)"
"S08000017","Health board","NHS Dumfries & Galloway",2023,"2023/24 financial year","Population prescribed drugs for anxiety/depression/psychosis","1 - most deprived","Percentage",28.6,29.4,27.8,"People","Public Health Scotland (Prescribing Information System)"
"S08000017","Health board","NHS Dumfries & Galloway",2023,"2023/24 financial year","Population prescribed drugs for anxiety/depression/psychosis","2","Percentage",25.1,25.5,24.7,"People","Public Health Scotland (Prescribing Information System)"
"S08000017","Health board","NHS Dumfries & Galloway",2023,"2023/24 financial year","Population prescribed drugs for anxiety/depression/psychosis","3","Percentage",21.3,21.6,21,"People","Public Health Scotland (Prescribing Information System)"
"S08000017","Health board","NHS Dumfries & Galloway",2023,"2023/24 financial year","Population prescribed drugs for anxiety/depression/psychosis","4","Percentage",19.7,20.2,19.2,"People","Public Health Scotland (Prescribing Information System)"
"S08000017","Health board","NHS Dumfries & Galloway",2023,"2023/24 financial year","Population prescribed drugs for anxiety/depression/psychosis","5 - least deprived","Percentage",18.4,19.1,17.8,"People","Public Health Scotland (Prescribing Information System)"
"S08000017","Health board","NHS Dumfries & Galloway",2023,"2023/24 financial year","Population prescribed drugs for anxiety/depression/psychosis","Total","Percentage",22.4,22.6,22.2,"People","Public Health Scotland (Prescribing Information System)"
"S08000017","Health board","NHS Dumfries & Galloway",2023,"2023/24 financial year","Population prescribed drugs for anxiety/depression/psychosis",NA,"Relative index of inequality (RII)",0.5,0.7,0.3,"People","Public Health Scotland (Prescribing Information System)"
"S08000017","Health board","NHS Dumfries & Galloway",2023,"2023/24 financial year","Population prescribed drugs for anxiety/depression/psychosis",NA,"Slope index of inequality (SII)",10.2,14.8,5.6,"People","Public Health Scotland (Prescribing Information System)"
"S08000017","Health board","NHS Dumfries & Galloway",2023,"2023/24 financial year","Population prescribed drugs for anxiety/depression/psychosis",NA,"Population attributable risk (PAR)",17.9,33,12.6,"People","Public Health Scotland (Prescribing Information System)"
"S08000022","Health board","NHS Highland",2014,"2014/15 financial year","Population prescribed drugs for anxiety/depression/psychosis","1 - most deprived","Percentage",22.3,22.8,21.7,"People","Public Health Scotland (Prescribing Information System)"
"S08000022","Health board","NHS Highland",2014,"2014/15 financial year","Population prescribed drugs for anxiety/depression/psychosis","2","Percentage",18.7,19,18.4,"People","Public Health Scotland (Prescribing Information System)"
"S08000022","Health board","NHS Highland",2014,"2014/15 financial year","Population prescribed drugs for anxiety/depression/psychosis","3","Percentage",15.1,15.3,14.8,"People","Public Health Scotland (Prescribing Information System)"
"S08000022","Health board","NHS Highland",2014,"2014/15 financial year","Population prescribed drugs for anxiety/depression/psychosis","4","Percentage",13.9,14.1,13.7,"People","Public Health Scotland (Prescribing Information System)"
"S08000022","Health board","NHS Highland",2014,"2014/15 financial year","Population prescribed drugs for anxiety/depression/psychosis","5 - least deprived","Percentage",11.9,12.2,11.5,"People","Public Health Scotland (Prescribing Information System)"
"S08000022","Health board","NHS Highland",2014,"2014/15 financial year","Population prescribed drugs for anxiety/depression/psychosis","Total","Percentage",15.6,15.7,15.5,"People","Public Health Scotland (Prescribing Information System)"
"S08000022","Health board","NHS Highland",2014,"2014/15 financial year","Population prescribed drugs for anxiety/depression/psychosis",NA,"Relative index of inequality (RII)",0.6,1,0.1,"People","Public Health Scotland (Prescribing Information System)"
"S08000022","Health board","NHS Highland",2014,"2014/15 financial year","Population prescribed drugs for anxiety/depression/psychosis",NA,"Slope index of inequality (SII)",9,15.8,2.3,"People","Public Health Scotland (Prescribing Information System)"
"S08000022","Health board","NHS Highland",2014,"2014/15 financial year","Population prescribed drugs for anxiety/depression/psychosis",NA,"Population attributable risk (PAR)",24,50.6,7.3,"People","Public Health Scotland (Prescribing Information System)"
"S08000022","Health board","NHS Highland",2015,"2015/16 financial year","Population prescribed drugs for anxiety/depression/psychosis","1 - most deprived","Percentage",23,23.6,22.5,"People","Public Health Scotland (Prescribing Information System)"
"S08000022","Health board","NHS Highland",2015,"2015/16 financial year","Population prescribed drugs for anxiety/depression/psychosis","2","Percentage",19.6,19.9,19.3,"People","Public Health Scotland (Prescribing Information System)"
"S08000022","Health board","NHS Highland",2015,"2015/16 financial year","Population prescribed drugs for anxiety/depression/psychosis","3","Percentage",15.8,16,15.6,"People","Public Health Scotland (Prescribing Information System)"
"S08000022","Health board","NHS Highland",2015,"2015/16 financial year","Population prescribed drugs for anxiety/depression/psychosis","4","Percentage",14.3,14.6,14.1,"People","Public Health Scotland (Prescribing Information System)"
"S08000022","Health board","NHS Highland",2015,"2015/16 financial year","Population prescribed drugs for anxiety/depression/psychosis","5 - least deprived","Percentage",12.4,12.8,12.1,"People","Public Health Scotland (Prescribing Information System)"
"S08000022","Health board","NHS Highland",2015,"2015/16 financial year","Population prescribed drugs for anxiety/depression/psychosis","Total","Percentage",16.3,16.4,16.1,"People","Public Health Scotland (Prescribing Information System)"
"S08000022","Health board","NHS Highland",2015,"2015/16 financial year","Population prescribed drugs for anxiety/depression/psychosis",NA,"Relative index of inequality (RII)",0.6,1,0.2,"People","Public Health Scotland (Prescribing Information System)"
"S08000022","Health board","NHS Highland",2015,"2015/16 financial year","Population prescribed drugs for anxiety/depression/psychosis",NA,"Slope index of inequality (SII)",9.6,16.1,3.1,"People","Public Health Scotland (Prescribing Information System)"
"S08000022","Health board","NHS Highland",2015,"2015/16 financial year","Population prescribed drugs for anxiety/depression/psychosis",NA,"Population attributable risk (PAR)",23.5,49.4,9.4,"People","Public Health Scotland (Prescribing Information System)"
"S08000022","Health board","NHS Highland",2016,"2016/17 financial year","Population prescribed drugs for anxiety/depression/psychosis","1 - most deprived","Percentage",23.8,24.3,23.2,"People","Public Health Scotland (Prescribing Information System)"
"S08000022","Health board","NHS Highland",2016,"2016/17 financial year","Population prescribed drugs for anxiety/depression/psychosis","2","Percentage",20.1,20.5,19.8,"People","Public Health Scotland (Prescribing Information System)"
"S08000022","Health board","NHS Highland",2016,"2016/17 financial year","Population prescribed drugs for anxiety/depression/psychosis","3","Percentage",16.3,16.5,16.1,"People","Public Health Scotland (Prescribing Information System)"
"S08000022","Health board","NHS Highland",2016,"2016/17 financial year","Population prescribed drugs for anxiety/depression/psychosis","4","Percentage",14.6,14.8,14.4,"People","Public Health Scotland (Prescribing Information System)"
"S08000022","Health board","NHS Highland",2016,"2016/17 financial year","Population prescribed drugs for anxiety/depression/psychosis","5 - least deprived","Percentage",12.9,13.3,12.5,"People","Public Health Scotland (Prescribing Information System)"
"S08000022","Health board","NHS Highland",2016,"2016/17 financial year","Population prescribed drugs for anxiety/depression/psychosis","Total","Percentage",16.7,16.8,16.6,"People","Public Health Scotland (Prescribing Information System)"
"S08000022","Health board","NHS Highland",2016,"2016/17 financial year","Population prescribed drugs for anxiety/depression/psychosis",NA,"Relative index of inequality (RII)",0.6,1,0.2,"People","Public Health Scotland (Prescribing Information System)"
"S08000022","Health board","NHS Highland",2016,"2016/17 financial year","Population prescribed drugs for anxiety/depression/psychosis",NA,"Slope index of inequality (SII)",10,16.5,3.5,"People","Public Health Scotland (Prescribing Information System)"
"S08000022","Health board","NHS Highland",2016,"2016/17 financial year","Population prescribed drugs for anxiety/depression/psychosis",NA,"Population attributable risk (PAR)",22.7,49.3,10.4,"People","Public Health Scotland (Prescribing Information System)"
"S08000022","Health board","NHS Highland",2017,"2017/18 financial year","Population prescribed drugs for anxiety/depression/psychosis","1 - most deprived","Percentage",23.9,24.4,23.4,"People","Public Health Scotland (Prescribing Information System)"
"S08000022","Health board","NHS Highland",2017,"2017/18 financial year","Population prescribed drugs for anxiety/depression/psychosis","2","Percentage",20.6,21,20.3,"People","Public Health Scotland (Prescribing Information System)"
"S08000022","Health board","NHS Highland",2017,"2017/18 financial year","Population prescribed drugs for anxiety/depression/psychosis","3","Percentage",16.5,16.7,16.2,"People","Public Health Scotland (Prescribing Information System)"
"S08000022","Health board","NHS Highland",2017,"2017/18 financial year","Population prescribed drugs for anxiety/depression/psychosis","4","Percentage",14.8,15,14.6,"People","Public Health Scotland (Prescribing Information System)"
"S08000022","Health board","NHS Highland",2017,"2017/18 financial year","Population prescribed drugs for anxiety/depression/psychosis","5 - least deprived","Percentage",13.4,13.8,12.9,"People","Public Health Scotland (Prescribing Information System)"
"S08000022","Health board","NHS Highland",2017,"2017/18 financial year","Population prescribed drugs for anxiety/depression/psychosis","Total","Percentage",17.2,17.3,17,"People","Public Health Scotland (Prescribing Information System)"
"S08000022","Health board","NHS Highland",2017,"2017/18 financial year","Population prescribed drugs for anxiety/depression/psychosis",NA,"Relative index of inequality (RII)",0.6,1,0.2,"People","Public Health Scotland (Prescribing Information System)"
"S08000022","Health board","NHS Highland",2017,"2017/18 financial year","Population prescribed drugs for anxiety/depression/psychosis",NA,"Slope index of inequality (SII)",10.4,17.3,3.5,"People","Public Health Scotland (Prescribing Information System)"
"S08000022","Health board","NHS Highland",2017,"2017/18 financial year","Population prescribed drugs for anxiety/depression/psychosis",NA,"Population attributable risk (PAR)",22.3,50.5,10.1,"People","Public Health Scotland (Prescribing Information System)"
"S08000022","Health board","NHS Highland",2018,"2018/19 financial year","Population prescribed drugs for anxiety/depression/psychosis","1 - most deprived","Percentage",24.5,25,24,"People","Public Health Scotland (Prescribing Information System)"
"S08000022","Health board","NHS Highland",2018,"2018/19 financial year","Population prescribed drugs for anxiety/depression/psychosis","2","Percentage",21.1,21.4,20.7,"People","Public Health Scotland (Prescribing Information System)"
"S08000022","Health board","NHS Highland",2018,"2018/19 financial year","Population prescribed drugs for anxiety/depression/psychosis","3","Percentage",16.7,16.9,16.5,"People","Public Health Scotland (Prescribing Information System)"
"S08000022","Health board","NHS Highland",2018,"2018/19 financial year","Population prescribed drugs for anxiety/depression/psychosis","4","Percentage",15.3,15.5,15,"People","Public Health Scotland (Prescribing Information System)"
"S08000022","Health board","NHS Highland",2018,"2018/19 financial year","Population prescribed drugs for anxiety/depression/psychosis","5 - least deprived","Percentage",13.6,14,13.2,"People","Public Health Scotland (Prescribing Information System)"
"S08000022","Health board","NHS Highland",2018,"2018/19 financial year","Population prescribed drugs for anxiety/depression/psychosis","Total","Percentage",17.6,17.7,17.4,"People","Public Health Scotland (Prescribing Information System)"
"S08000022","Health board","NHS Highland",2018,"2018/19 financial year","Population prescribed drugs for anxiety/depression/psychosis",NA,"Relative index of inequality (RII)",0.6,1,0.2,"People","Public Health Scotland (Prescribing Information System)"
"S08000022","Health board","NHS Highland",2018,"2018/19 financial year","Population prescribed drugs for anxiety/depression/psychosis",NA,"Slope index of inequality (SII)",10.5,18.2,2.9,"People","Public Health Scotland (Prescribing Information System)"
"S08000022","Health board","NHS Highland",2018,"2018/19 financial year","Population prescribed drugs for anxiety/depression/psychosis",NA,"Population attributable risk (PAR)",22.5,51.7,8.3,"People","Public Health Scotland (Prescribing Information System)"
"S08000022","Health board","NHS Highland",2019,"2019/20 financial year","Population prescribed drugs for anxiety/depression/psychosis","1 - most deprived","Percentage",25.2,25.7,24.8,"People","Public Health Scotland (Prescribing Information System)"
"S08000022","Health board","NHS Highland",2019,"2019/20 financial year","Population prescribed drugs for anxiety/depression/psychosis","2","Percentage",21.8,22.1,21.4,"People","Public Health Scotland (Prescribing Information System)"
"S08000022","Health board","NHS Highland",2019,"2019/20 financial year","Population prescribed drugs for anxiety/depression/psychosis","3","Percentage",17.1,17.4,16.9,"People","Public Health Scotland (Prescribing Information System)"
"S08000022","Health board","NHS Highland",2019,"2019/20 financial year","Population prescribed drugs for anxiety/depression/psychosis","4","Percentage",15.9,16.1,15.6,"People","Public Health Scotland (Prescribing Information System)"
"S08000022","Health board","NHS Highland",2019,"2019/20 financial year","Population prescribed drugs for anxiety/depression/psychosis","5 - least deprived","Percentage",13.8,14.3,13.4,"People","Public Health Scotland (Prescribing Information System)"
"S08000022","Health board","NHS Highland",2019,"2019/20 financial year","Population prescribed drugs for anxiety/depression/psychosis","Total","Percentage",18.1,18.2,17.9,"People","Public Health Scotland (Prescribing Information System)"
"S08000022","Health board","NHS Highland",2019,"2019/20 financial year","Population prescribed drugs for anxiety/depression/psychosis",NA,"Relative index of inequality (RII)",0.6,1,0.1,"People","Public Health Scotland (Prescribing Information System)"
"S08000022","Health board","NHS Highland",2019,"2019/20 financial year","Population prescribed drugs for anxiety/depression/psychosis",NA,"Slope index of inequality (SII)",10.8,19,2.6,"People","Public Health Scotland (Prescribing Information System)"
"S08000022","Health board","NHS Highland",2019,"2019/20 financial year","Population prescribed drugs for anxiety/depression/psychosis",NA,"Population attributable risk (PAR)",23.4,52.5,7.2,"People","Public Health Scotland (Prescribing Information System)"
"S08000022","Health board","NHS Highland",2020,"2020/21 financial year","Population prescribed drugs for anxiety/depression/psychosis","1 - most deprived","Percentage",24.7,25.2,24.2,"People","Public Health Scotland (Prescribing Information System)"
"S08000022","Health board","NHS Highland",2020,"2020/21 financial year","Population prescribed drugs for anxiety/depression/psychosis","2","Percentage",21.5,21.9,21.2,"People","Public Health Scotland (Prescribing Information System)"
"S08000022","Health board","NHS Highland",2020,"2020/21 financial year","Population prescribed drugs for anxiety/depression/psychosis","3","Percentage",17,17.2,16.7,"People","Public Health Scotland (Prescribing Information System)"
"S08000022","Health board","NHS Highland",2020,"2020/21 financial year","Population prescribed drugs for anxiety/depression/psychosis","4","Percentage",15.6,15.9,15.4,"People","Public Health Scotland (Prescribing Information System)"
"S08000022","Health board","NHS Highland",2020,"2020/21 financial year","Population prescribed drugs for anxiety/depression/psychosis","5 - least deprived","Percentage",13.4,13.9,13,"People","Public Health Scotland (Prescribing Information System)"
"S08000022","Health board","NHS Highland",2020,"2020/21 financial year","Population prescribed drugs for anxiety/depression/psychosis","Total","Percentage",17.8,17.9,17.7,"People","Public Health Scotland (Prescribing Information System)"
"S08000022","Health board","NHS Highland",2020,"2020/21 financial year","Population prescribed drugs for anxiety/depression/psychosis",NA,"Relative index of inequality (RII)",0.6,1,0.2,"People","Public Health Scotland (Prescribing Information System)"
"S08000022","Health board","NHS Highland",2020,"2020/21 financial year","Population prescribed drugs for anxiety/depression/psychosis",NA,"Slope index of inequality (SII)",10.6,18.4,2.9,"People","Public Health Scotland (Prescribing Information System)"
"S08000022","Health board","NHS Highland",2020,"2020/21 financial year","Population prescribed drugs for anxiety/depression/psychosis",NA,"Population attributable risk (PAR)",24.5,51.6,8.2,"People","Public Health Scotland (Prescribing Information System)"
"S08000022","Health board","NHS Highland",2021,"2021/22 financial year","Population prescribed drugs for anxiety/depression/psychosis","1 - most deprived","Percentage",25.6,26.1,25.1,"People","Public Health Scotland (Prescribing Information System)"
"S08000022","Health board","NHS Highland",2021,"2021/22 financial year","Population prescribed drugs for anxiety/depression/psychosis","2","Percentage",22.6,22.9,22.2,"People","Public Health Scotland (Prescribing Information System)"
"S08000022","Health board","NHS Highland",2021,"2021/22 financial year","Population prescribed drugs for anxiety/depression/psychosis","3","Percentage",17.7,17.9,17.5,"People","Public Health Scotland (Prescribing Information System)"
"S08000022","Health board","NHS Highland",2021,"2021/22 financial year","Population prescribed drugs for anxiety/depression/psychosis","4","Percentage",16.3,16.6,16.1,"People","Public Health Scotland (Prescribing Information System)"
"S08000022","Health board","NHS Highland",2021,"2021/22 financial year","Population prescribed drugs for anxiety/depression/psychosis","5 - least deprived","Percentage",14.3,14.7,13.9,"People","Public Health Scotland (Prescribing Information System)"
"S08000022","Health board","NHS Highland",2021,"2021/22 financial year","Population prescribed drugs for anxiety/depression/psychosis","Total","Percentage",18.6,18.7,18.5,"People","Public Health Scotland (Prescribing Information System)"
"S08000022","Health board","NHS Highland",2021,"2021/22 financial year","Population prescribed drugs for anxiety/depression/psychosis",NA,"Relative index of inequality (RII)",0.6,1,0.2,"People","Public Health Scotland (Prescribing Information System)"
"S08000022","Health board","NHS Highland",2021,"2021/22 financial year","Population prescribed drugs for anxiety/depression/psychosis",NA,"Slope index of inequality (SII)",10.9,18.9,2.8,"People","Public Health Scotland (Prescribing Information System)"
"S08000022","Health board","NHS Highland",2021,"2021/22 financial year","Population prescribed drugs for anxiety/depression/psychosis",NA,"Population attributable risk (PAR)",23.2,50.8,7.7,"People","Public Health Scotland (Prescribing Information System)"
"S08000022","Health board","NHS Highland",2022,"2022/23 financial year","Population prescribed drugs for anxiety/depression/psychosis","1 - most deprived","Percentage",24.8,25.3,24.3,"People","Public Health Scotland (Prescribing Information System)"
"S08000022","Health board","NHS Highland",2022,"2022/23 financial year","Population prescribed drugs for anxiety/depression/psychosis","2","Percentage",22.8,23.2,22.4,"People","Public Health Scotland (Prescribing Information System)"
"S08000022","Health board","NHS Highland",2022,"2022/23 financial year","Population prescribed drugs for anxiety/depression/psychosis","3","Percentage",18.3,18.5,18.1,"People","Public Health Scotland (Prescribing Information System)"
"S08000022","Health board","NHS Highland",2022,"2022/23 financial year","Population prescribed drugs for anxiety/depression/psychosis","4","Percentage",17.2,17.4,16.9,"People","Public Health Scotland (Prescribing Information System)"
"S08000022","Health board","NHS Highland",2022,"2022/23 financial year","Population prescribed drugs for anxiety/depression/psychosis","5 - least deprived","Percentage",15.1,15.5,14.7,"People","Public Health Scotland (Prescribing Information System)"
"S08000022","Health board","NHS Highland",2022,"2022/23 financial year","Population prescribed drugs for anxiety/depression/psychosis","Total","Percentage",19.1,19.2,19,"People","Public Health Scotland (Prescribing Information System)"
"S08000022","Health board","NHS Highland",2022,"2022/23 financial year","Population prescribed drugs for anxiety/depression/psychosis",NA,"Relative index of inequality (RII)",0.5,0.9,0.1,"People","Public Health Scotland (Prescribing Information System)"
"S08000022","Health board","NHS Highland",2022,"2022/23 financial year","Population prescribed drugs for anxiety/depression/psychosis",NA,"Slope index of inequality (SII)",9.5,16.3,2.7,"People","Public Health Scotland (Prescribing Information System)"
"S08000022","Health board","NHS Highland",2022,"2022/23 financial year","Population prescribed drugs for anxiety/depression/psychosis",NA,"Population attributable risk (PAR)",21,42.7,7.1,"People","Public Health Scotland (Prescribing Information System)"
"S08000022","Health board","NHS Highland",2023,"2023/24 financial year","Population prescribed drugs for anxiety/depression/psychosis","1 - most deprived","Percentage",25.5,26,25,"People","Public Health Scotland (Prescribing Information System)"
"S08000022","Health board","NHS Highland",2023,"2023/24 financial year","Population prescribed drugs for anxiety/depression/psychosis","2","Percentage",23,23.3,22.6,"People","Public Health Scotland (Prescribing Information System)"
"S08000022","Health board","NHS Highland",2023,"2023/24 financial year","Population prescribed drugs for anxiety/depression/psychosis","3","Percentage",18.7,19,18.5,"People","Public Health Scotland (Prescribing Information System)"
"S08000022","Health board","NHS Highland",2023,"2023/24 financial year","Population prescribed drugs for anxiety/depression/psychosis","4","Percentage",17.5,17.8,17.3,"People","Public Health Scotland (Prescribing Information System)"
"S08000022","Health board","NHS Highland",2023,"2023/24 financial year","Population prescribed drugs for anxiety/depression/psychosis","5 - least deprived","Percentage",15.5,16,15.1,"People","Public Health Scotland (Prescribing Information System)"
"S08000022","Health board","NHS Highland",2023,"2023/24 financial year","Population prescribed drugs for anxiety/depression/psychosis","Total","Percentage",19.5,19.6,19.4,"People","Public Health Scotland (Prescribing Information System)"
"S08000022","Health board","NHS Highland",2023,"2023/24 financial year","Population prescribed drugs for anxiety/depression/psychosis",NA,"Relative index of inequality (RII)",0.5,0.8,0.1,"People","Public Health Scotland (Prescribing Information System)"
"S08000022","Health board","NHS Highland",2023,"2023/24 financial year","Population prescribed drugs for anxiety/depression/psychosis",NA,"Slope index of inequality (SII)",9.5,16.3,2.8,"People","Public Health Scotland (Prescribing Information System)"
"S08000022","Health board","NHS Highland",2023,"2023/24 financial year","Population prescribed drugs for anxiety/depression/psychosis",NA,"Population attributable risk (PAR)",20.5,41.7,7.1,"People","Public Health Scotland (Prescribing Information System)"
"S00000001","Scotland","Scotland",2014,"2014/15 financial year","Population prescribed drugs for anxiety/depression/psychosis","1 - most deprived","Percentage",23.5,23.6,23.4,"People","Public Health Scotland (Prescribing Information System)"
"S00000001","Scotland","Scotland",2014,"2014/15 financial year","Population prescribed drugs for anxiety/depression/psychosis","2","Percentage",19.9,20,19.8,"People","Public Health Scotland (Prescribing Information System)"
"S00000001","Scotland","Scotland",2014,"2014/15 financial year","Population prescribed drugs for anxiety/depression/psychosis","3","Percentage",16.7,16.8,16.6,"People","Public Health Scotland (Prescribing Information System)"
"S00000001","Scotland","Scotland",2014,"2014/15 financial year","Population prescribed drugs for anxiety/depression/psychosis","4","Percentage",14.4,14.5,14.4,"People","Public Health Scotland (Prescribing Information System)"
"S00000001","Scotland","Scotland",2014,"2014/15 financial year","Population prescribed drugs for anxiety/depression/psychosis","5 - least deprived","Percentage",12.4,12.4,12.3,"People","Public Health Scotland (Prescribing Information System)"
"S00000001","Scotland","Scotland",2014,"2014/15 financial year","Population prescribed drugs for anxiety/depression/psychosis","Total","Percentage",17.4,17.4,17.3,"People","Public Health Scotland (Prescribing Information System)"
"S00000001","Scotland","Scotland",2014,"2014/15 financial year","Population prescribed drugs for anxiety/depression/psychosis",NA,"Relative index of inequality (RII)",0.8,1,0.6,"People","Public Health Scotland (Prescribing Information System)"
"S00000001","Scotland","Scotland",2014,"2014/15 financial year","Population prescribed drugs for anxiety/depression/psychosis",NA,"Slope index of inequality (SII)",13.9,17,10.8,"People","Public Health Scotland (Prescribing Information System)"
"S00000001","Scotland","Scotland",2014,"2014/15 financial year","Population prescribed drugs for anxiety/depression/psychosis",NA,"Population attributable risk (PAR)",28.9,48.9,31,"People","Public Health Scotland (Prescribing Information System)"
"S00000001","Scotland","Scotland",2015,"2015/16 financial year","Population prescribed drugs for anxiety/depression/psychosis","1 - most deprived","Percentage",24.2,24.3,24.1,"People","Public Health Scotland (Prescribing Information System)"
"S00000001","Scotland","Scotland",2015,"2015/16 financial year","Population prescribed drugs for anxiety/depression/psychosis","2","Percentage",20.5,20.6,20.5,"People","Public Health Scotland (Prescribing Information System)"
"S00000001","Scotland","Scotland",2015,"2015/16 financial year","Population prescribed drugs for anxiety/depression/psychosis","3","Percentage",17.3,17.4,17.3,"People","Public Health Scotland (Prescribing Information System)"
"S00000001","Scotland","Scotland",2015,"2015/16 financial year","Population prescribed drugs for anxiety/depression/psychosis","4","Percentage",15,15.1,14.9,"People","Public Health Scotland (Prescribing Information System)"
"S00000001","Scotland","Scotland",2015,"2015/16 financial year","Population prescribed drugs for anxiety/depression/psychosis","5 - least deprived","Percentage",12.8,12.9,12.7,"People","Public Health Scotland (Prescribing Information System)"
"S00000001","Scotland","Scotland",2015,"2015/16 financial year","Population prescribed drugs for anxiety/depression/psychosis","Total","Percentage",18,18,17.9,"People","Public Health Scotland (Prescribing Information System)"
"S00000001","Scotland","Scotland",2015,"2015/16 financial year","Population prescribed drugs for anxiety/depression/psychosis",NA,"Relative index of inequality (RII)",0.8,1,0.6,"People","Public Health Scotland (Prescribing Information System)"
"S00000001","Scotland","Scotland",2015,"2015/16 financial year","Population prescribed drugs for anxiety/depression/psychosis",NA,"Slope index of inequality (SII)",14.2,17.3,11.1,"People","Public Health Scotland (Prescribing Information System)"
"S00000001","Scotland","Scotland",2015,"2015/16 financial year","Population prescribed drugs for anxiety/depression/psychosis",NA,"Population attributable risk (PAR)",28.8,48,31,"People","Public Health Scotland (Prescribing Information System)"
"S00000001","Scotland","Scotland",2016,"2016/17 financial year","Population prescribed drugs for anxiety/depression/psychosis","1 - most deprived","Percentage",24.7,24.8,24.6,"People","Public Health Scotland (Prescribing Information System)"
"S00000001","Scotland","Scotland",2016,"2016/17 financial year","Population prescribed drugs for anxiety/depression/psychosis","2","Percentage",21.1,21.2,21.1,"People","Public Health Scotland (Prescribing Information System)"
"S00000001","Scotland","Scotland",2016,"2016/17 financial year","Population prescribed drugs for anxiety/depression/psychosis","3","Percentage",17.8,17.9,17.8,"People","Public Health Scotland (Prescribing Information System)"
"S00000001","Scotland","Scotland",2016,"2016/17 financial year","Population prescribed drugs for anxiety/depression/psychosis","4","Percentage",15.4,15.4,15.3,"People","Public Health Scotland (Prescribing Information System)"
"S00000001","Scotland","Scotland",2016,"2016/17 financial year","Population prescribed drugs for anxiety/depression/psychosis","5 - least deprived","Percentage",13.2,13.3,13.2,"People","Public Health Scotland (Prescribing Information System)"
"S00000001","Scotland","Scotland",2016,"2016/17 financial year","Population prescribed drugs for anxiety/depression/psychosis","Total","Percentage",18.5,18.5,18.4,"People","Public Health Scotland (Prescribing Information System)"
"S00000001","Scotland","Scotland",2016,"2016/17 financial year","Population prescribed drugs for anxiety/depression/psychosis",NA,"Relative index of inequality (RII)",0.8,0.9,0.6,"People","Public Health Scotland (Prescribing Information System)"
"S00000001","Scotland","Scotland",2016,"2016/17 financial year","Population prescribed drugs for anxiety/depression/psychosis",NA,"Slope index of inequality (SII)",14.4,17.3,11.4,"People","Public Health Scotland (Prescribing Information System)"
"S00000001","Scotland","Scotland",2016,"2016/17 financial year","Population prescribed drugs for anxiety/depression/psychosis",NA,"Population attributable risk (PAR)",28.3,47,31,"People","Public Health Scotland (Prescribing Information System)"
"S00000001","Scotland","Scotland",2017,"2017/18 financial year","Population prescribed drugs for anxiety/depression/psychosis","1 - most deprived","Percentage",25.3,25.4,25.2,"People","Public Health Scotland (Prescribing Information System)"
"S00000001","Scotland","Scotland",2017,"2017/18 financial year","Population prescribed drugs for anxiety/depression/psychosis","2","Percentage",21.5,21.6,21.4,"People","Public Health Scotland (Prescribing Information System)"
"S00000001","Scotland","Scotland",2017,"2017/18 financial year","Population prescribed drugs for anxiety/depression/psychosis","3","Percentage",18.1,18.2,18,"People","Public Health Scotland (Prescribing Information System)"
"S00000001","Scotland","Scotland",2017,"2017/18 financial year","Population prescribed drugs for anxiety/depression/psychosis","4","Percentage",15.6,15.7,15.6,"People","Public Health Scotland (Prescribing Information System)"
"S00000001","Scotland","Scotland",2017,"2017/18 financial year","Population prescribed drugs for anxiety/depression/psychosis","5 - least deprived","Percentage",13.4,13.5,13.4,"People","Public Health Scotland (Prescribing Information System)"
"S00000001","Scotland","Scotland",2017,"2017/18 financial year","Population prescribed drugs for anxiety/depression/psychosis","Total","Percentage",18.8,18.8,18.8,"People","Public Health Scotland (Prescribing Information System)"
"S00000001","Scotland","Scotland",2017,"2017/18 financial year","Population prescribed drugs for anxiety/depression/psychosis",NA,"Relative index of inequality (RII)",0.8,1,0.6,"People","Public Health Scotland (Prescribing Information System)"
"S00000001","Scotland","Scotland",2017,"2017/18 financial year","Population prescribed drugs for anxiety/depression/psychosis",NA,"Slope index of inequality (SII)",14.8,18.1,11.5,"People","Public Health Scotland (Prescribing Information System)"
"S00000001","Scotland","Scotland",2017,"2017/18 financial year","Population prescribed drugs for anxiety/depression/psychosis",NA,"Population attributable risk (PAR)",28.5,48.2,30.6,"People","Public Health Scotland (Prescribing Information System)"
"S00000001","Scotland","Scotland",2018,"2018/19 financial year","Population prescribed drugs for anxiety/depression/psychosis","1 - most deprived","Percentage",26,26.1,25.9,"People","Public Health Scotland (Prescribing Information System)"
"S00000001","Scotland","Scotland",2018,"2018/19 financial year","Population prescribed drugs for anxiety/depression/psychosis","2","Percentage",22.1,22.2,22,"People","Public Health Scotland (Prescribing Information System)"
"S00000001","Scotland","Scotland",2018,"2018/19 financial year","Population prescribed drugs for anxiety/depression/psychosis","3","Percentage",18.6,18.7,18.5,"People","Public Health Scotland (Prescribing Information System)"
"S00000001","Scotland","Scotland",2018,"2018/19 financial year","Population prescribed drugs for anxiety/depression/psychosis","4","Percentage",16,16.1,16,"People","Public Health Scotland (Prescribing Information System)"
"S00000001","Scotland","Scotland",2018,"2018/19 financial year","Population prescribed drugs for anxiety/depression/psychosis","5 - least deprived","Percentage",13.8,13.8,13.7,"People","Public Health Scotland (Prescribing Information System)"
"S00000001","Scotland","Scotland",2018,"2018/19 financial year","Population prescribed drugs for anxiety/depression/psychosis","Total","Percentage",19.3,19.3,19.3,"People","Public Health Scotland (Prescribing Information System)"
"S00000001","Scotland","Scotland",2018,"2018/19 financial year","Population prescribed drugs for anxiety/depression/psychosis",NA,"Relative index of inequality (RII)",0.8,1,0.6,"People","Public Health Scotland (Prescribing Information System)"
"S00000001","Scotland","Scotland",2018,"2018/19 financial year","Population prescribed drugs for anxiety/depression/psychosis",NA,"Slope index of inequality (SII)",15.2,18.6,11.9,"People","Public Health Scotland (Prescribing Information System)"
"S00000001","Scotland","Scotland",2018,"2018/19 financial year","Population prescribed drugs for anxiety/depression/psychosis",NA,"Population attributable risk (PAR)",28.6,48.1,31,"People","Public Health Scotland (Prescribing Information System)"
"S00000001","Scotland","Scotland",2019,"2019/20 financial year","Population prescribed drugs for anxiety/depression/psychosis","1 - most deprived","Percentage",26.5,26.6,26.4,"People","Public Health Scotland (Prescribing Information System)"
"S00000001","Scotland","Scotland",2019,"2019/20 financial year","Population prescribed drugs for anxiety/depression/psychosis","2","Percentage",22.6,22.7,22.5,"People","Public Health Scotland (Prescribing Information System)"
"S00000001","Scotland","Scotland",2019,"2019/20 financial year","Population prescribed drugs for anxiety/depression/psychosis","3","Percentage",19,19.1,18.9,"People","Public Health Scotland (Prescribing Information System)"
"S00000001","Scotland","Scotland",2019,"2019/20 financial year","Population prescribed drugs for anxiety/depression/psychosis","4","Percentage",16.4,16.5,16.3,"People","Public Health Scotland (Prescribing Information System)"
"S00000001","Scotland","Scotland",2019,"2019/20 financial year","Population prescribed drugs for anxiety/depression/psychosis","5 - least deprived","Percentage",14,14.1,14,"People","Public Health Scotland (Prescribing Information System)"
"S00000001","Scotland","Scotland",2019,"2019/20 financial year","Population prescribed drugs for anxiety/depression/psychosis","Total","Percentage",19.7,19.7,19.7,"People","Public Health Scotland (Prescribing Information System)"
"S00000001","Scotland","Scotland",2019,"2019/20 financial year","Population prescribed drugs for anxiety/depression/psychosis",NA,"Relative index of inequality (RII)",0.8,1,0.6,"People","Public Health Scotland (Prescribing Information System)"
"S00000001","Scotland","Scotland",2019,"2019/20 financial year","Population prescribed drugs for anxiety/depression/psychosis",NA,"Slope index of inequality (SII)",15.5,18.8,12.2,"People","Public Health Scotland (Prescribing Information System)"
"S00000001","Scotland","Scotland",2019,"2019/20 financial year","Population prescribed drugs for anxiety/depression/psychosis",NA,"Population attributable risk (PAR)",28.7,47.8,31.1,"People","Public Health Scotland (Prescribing Information System)"
"S00000001","Scotland","Scotland",2020,"2020/21 financial year","Population prescribed drugs for anxiety/depression/psychosis","1 - most deprived","Percentage",25.8,25.9,25.7,"People","Public Health Scotland (Prescribing Information System)"
"S00000001","Scotland","Scotland",2020,"2020/21 financial year","Population prescribed drugs for anxiety/depression/psychosis","2","Percentage",22.2,22.3,22.1,"People","Public Health Scotland (Prescribing Information System)"
"S00000001","Scotland","Scotland",2020,"2020/21 financial year","Population prescribed drugs for anxiety/depression/psychosis","3","Percentage",18.7,18.8,18.6,"People","Public Health Scotland (Prescribing Information System)"
"S00000001","Scotland","Scotland",2020,"2020/21 financial year","Population prescribed drugs for anxiety/depression/psychosis","4","Percentage",16.1,16.2,16.1,"People","Public Health Scotland (Prescribing Information System)"
"S00000001","Scotland","Scotland",2020,"2020/21 financial year","Population prescribed drugs for anxiety/depression/psychosis","5 - least deprived","Percentage",13.8,13.8,13.7,"People","Public Health Scotland (Prescribing Information System)"
"S00000001","Scotland","Scotland",2020,"2020/21 financial year","Population prescribed drugs for anxiety/depression/psychosis","Total","Percentage",19.3,19.3,19.3,"People","Public Health Scotland (Prescribing Information System)"
"S00000001","Scotland","Scotland",2020,"2020/21 financial year","Population prescribed drugs for anxiety/depression/psychosis",NA,"Relative index of inequality (RII)",0.8,0.9,0.6,"People","Public Health Scotland (Prescribing Information System)"
"S00000001","Scotland","Scotland",2020,"2020/21 financial year","Population prescribed drugs for anxiety/depression/psychosis",NA,"Slope index of inequality (SII)",15,17.8,12.2,"People","Public Health Scotland (Prescribing Information System)"
"S00000001","Scotland","Scotland",2020,"2020/21 financial year","Population prescribed drugs for anxiety/depression/psychosis",NA,"Population attributable risk (PAR)",28.6,46.2,31.7,"People","Public Health Scotland (Prescribing Information System)"
"S00000001","Scotland","Scotland",2021,"2021/22 financial year","Population prescribed drugs for anxiety/depression/psychosis","1 - most deprived","Percentage",26.7,26.8,26.7,"People","Public Health Scotland (Prescribing Information System)"
"S00000001","Scotland","Scotland",2021,"2021/22 financial year","Population prescribed drugs for anxiety/depression/psychosis","2","Percentage",23.1,23.2,23,"People","Public Health Scotland (Prescribing Information System)"
"S00000001","Scotland","Scotland",2021,"2021/22 financial year","Population prescribed drugs for anxiety/depression/psychosis","3","Percentage",19.6,19.7,19.5,"People","Public Health Scotland (Prescribing Information System)"
"S00000001","Scotland","Scotland",2021,"2021/22 financial year","Population prescribed drugs for anxiety/depression/psychosis","4","Percentage",16.9,17,16.8,"People","Public Health Scotland (Prescribing Information System)"
"S00000001","Scotland","Scotland",2021,"2021/22 financial year","Population prescribed drugs for anxiety/depression/psychosis","5 - least deprived","Percentage",14.6,14.7,14.6,"People","Public Health Scotland (Prescribing Information System)"
"S00000001","Scotland","Scotland",2021,"2021/22 financial year","Population prescribed drugs for anxiety/depression/psychosis","Total","Percentage",20.1,20.2,20.1,"People","Public Health Scotland (Prescribing Information System)"
"S00000001","Scotland","Scotland",2021,"2021/22 financial year","Population prescribed drugs for anxiety/depression/psychosis",NA,"Relative index of inequality (RII)",0.8,0.9,0.6,"People","Public Health Scotland (Prescribing Information System)"
"S00000001","Scotland","Scotland",2021,"2021/22 financial year","Population prescribed drugs for anxiety/depression/psychosis",NA,"Slope index of inequality (SII)",15.1,18.1,12.1,"People","Public Health Scotland (Prescribing Information System)"
"S00000001","Scotland","Scotland",2021,"2021/22 financial year","Population prescribed drugs for anxiety/depression/psychosis",NA,"Population attributable risk (PAR)",27.3,45,30.1,"People","Public Health Scotland (Prescribing Information System)"
"S00000001","Scotland","Scotland",2022,"2022/23 financial year","Population prescribed drugs for anxiety/depression/psychosis","1 - most deprived","Percentage",27.2,27.3,27.1,"People","Public Health Scotland (Prescribing Information System)"
"S00000001","Scotland","Scotland",2022,"2022/23 financial year","Population prescribed drugs for anxiety/depression/psychosis","2","Percentage",23.6,23.7,23.5,"People","Public Health Scotland (Prescribing Information System)"
"S00000001","Scotland","Scotland",2022,"2022/23 financial year","Population prescribed drugs for anxiety/depression/psychosis","3","Percentage",20.1,20.2,20.1,"People","Public Health Scotland (Prescribing Information System)"
"S00000001","Scotland","Scotland",2022,"2022/23 financial year","Population prescribed drugs for anxiety/depression/psychosis","4","Percentage",17.5,17.6,17.5,"People","Public Health Scotland (Prescribing Information System)"
"S00000001","Scotland","Scotland",2022,"2022/23 financial year","Population prescribed drugs for anxiety/depression/psychosis","5 - least deprived","Percentage",15.4,15.4,15.3,"People","Public Health Scotland (Prescribing Information System)"
"S00000001","Scotland","Scotland",2022,"2022/23 financial year","Population prescribed drugs for anxiety/depression/psychosis","Total","Percentage",20.7,20.8,20.7,"People","Public Health Scotland (Prescribing Information System)"
"S00000001","Scotland","Scotland",2022,"2022/23 financial year","Population prescribed drugs for anxiety/depression/psychosis",NA,"Relative index of inequality (RII)",0.7,0.9,0.6,"People","Public Health Scotland (Prescribing Information System)"
"S00000001","Scotland","Scotland",2022,"2022/23 financial year","Population prescribed drugs for anxiety/depression/psychosis",NA,"Slope index of inequality (SII)",14.8,17.9,11.7,"People","Public Health Scotland (Prescribing Information System)"
"S00000001","Scotland","Scotland",2022,"2022/23 financial year","Population prescribed drugs for anxiety/depression/psychosis",NA,"Population attributable risk (PAR)",25.9,43,28.2,"People","Public Health Scotland (Prescribing Information System)"
"S00000001","Scotland","Scotland",2023,"2023/24 financial year","Population prescribed drugs for anxiety/depression/psychosis","1 - most deprived","Percentage",27.5,27.6,27.4,"People","Public Health Scotland (Prescribing Information System)"
"S00000001","Scotland","Scotland",2023,"2023/24 financial year","Population prescribed drugs for anxiety/depression/psychosis","2","Percentage",23.9,23.9,23.8,"People","Public Health Scotland (Prescribing Information System)"
"S00000001","Scotland","Scotland",2023,"2023/24 financial year","Population prescribed drugs for anxiety/depression/psychosis","3","Percentage",20.5,20.6,20.4,"People","Public Health Scotland (Prescribing Information System)"
"S00000001","Scotland","Scotland",2023,"2023/24 financial year","Population prescribed drugs for anxiety/depression/psychosis","4","Percentage",18,18,17.9,"People","Public Health Scotland (Prescribing Information System)"
"S00000001","Scotland","Scotland",2023,"2023/24 financial year","Population prescribed drugs for anxiety/depression/psychosis","5 - least deprived","Percentage",15.5,15.6,15.5,"People","Public Health Scotland (Prescribing Information System)"
"S00000001","Scotland","Scotland",2023,"2023/24 financial year","Population prescribed drugs for anxiety/depression/psychosis","Total","Percentage",21,21.1,21,"People","Public Health Scotland (Prescribing Information System)"
"S00000001","Scotland","Scotland",2023,"2023/24 financial year","Population prescribed drugs for anxiety/depression/psychosis",NA,"Relative index of inequality (RII)",0.7,0.8,0.6,"People","Public Health Scotland (Prescribing Information System)"
"S00000001","Scotland","Scotland",2023,"2023/24 financial year","Population prescribed drugs for anxiety/depression/psychosis",NA,"Slope index of inequality (SII)",14.8,17.5,12.1,"People","Public Health Scotland (Prescribing Information System)"
"S00000001","Scotland","Scotland",2023,"2023/24 financial year","Population prescribed drugs for anxiety/depression/psychosis",NA,"Population attributable risk (PAR)",26.1,41.7,28.7,"People","Public Health Scotland (Prescribing Information System)"
